[ {
  "key" : "general",
  "concerns" : [ {
    "name" : "TODOs",
    "filesCount" : 0,
    "linesOfCode" : 0,
    "numberOfRegexLineMatches" : 0,
    "fileCountPerExtension" : [ ],
    "linesOfCodePerExtension" : [ ]
  }, {
    "name" : "Unclassified",
    "filesCount" : 69,
    "linesOfCode" : 7401,
    "numberOfRegexLineMatches" : 0,
    "fileCountPerExtension" : [ {
      "name" : "  *.html",
      "value" : 9,
      "description" : [ ]
    }, {
      "name" : "  *.css",
      "value" : 16,
      "description" : [ ]
    }, {
      "name" : "  *.js",
      "value" : 21,
      "description" : [ ]
    }, {
      "name" : "  *.tsx",
      "value" : 15,
      "description" : [ ]
    }, {
      "name" : "  *.ps1",
      "value" : 1,
      "description" : [ ]
    }, {
      "name" : "  *.xml",
      "value" : 1,
      "description" : [ ]
    }, {
      "name" : "  *.ts",
      "value" : 3,
      "description" : [ ]
    }, {
      "name" : "  *.prisma",
      "value" : 1,
      "description" : [ ]
    }, {
      "name" : "  *.sql",
      "value" : 1,
      "description" : [ ]
    }, {
      "name" : "  *.toml",
      "value" : 1,
      "description" : [ ]
    } ],
    "linesOfCodePerExtension" : [ {
      "name" : "  *.html",
      "value" : 2586,
      "description" : [ ]
    }, {
      "name" : "  *.css",
      "value" : 1750,
      "description" : [ ]
    }, {
      "name" : "  *.js",
      "value" : 1369,
      "description" : [ ]
    }, {
      "name" : "  *.tsx",
      "value" : 1352,
      "description" : [ ]
    }, {
      "name" : "  *.ps1",
      "value" : 140,
      "description" : [ ]
    }, {
      "name" : "  *.xml",
      "value" : 81,
      "description" : [ ]
    }, {
      "name" : "  *.ts",
      "value" : 50,
      "description" : [ ]
    }, {
      "name" : "  *.prisma",
      "value" : 39,
      "description" : [ ]
    }, {
      "name" : "  *.sql",
      "value" : 31,
      "description" : [ ]
    }, {
      "name" : "  *.toml",
      "value" : 3,
      "description" : [ ]
    } ]
  } ],
  "concernsGroup" : null,
  "fileCountPerConcern" : [ {
    "name" : "TODOs",
    "value" : 0,
    "description" : [ ]
  }, {
    "name" : "Unclassified",
    "value" : 69,
    "description" : [ ]
  } ],
  "linesOfCodePerConcern" : [ {
    "name" : "TODOs",
    "value" : 0,
    "description" : [ ]
  }, {
    "name" : "Unclassified",
    "value" : 7401,
    "description" : [ ]
  } ]
} ]