[ {
  "relativePath" : "backend/package-lock.json",
  "extension" : "json",
  "linesOfCode" : 4226,
  "unitsCount" : 0,
  "unitsMcCabeIndexSum" : 0,
  "linesOfCodeInUnits" : 0
}, {
  "relativePath" : "backend/src/generated/prisma/client.js",
  "extension" : "js",
  "linesOfCode" : 1,
  "unitsCount" : 0,
  "unitsMcCabeIndexSum" : 0,
  "linesOfCodeInUnits" : 0
}, {
  "relativePath" : "backend/src/generated/prisma/default.js",
  "extension" : "js",
  "linesOfCode" : 1,
  "unitsCount" : 0,
  "unitsMcCabeIndexSum" : 0,
  "linesOfCodeInUnits" : 0
}, {
  "relativePath" : "backend/src/generated/prisma/index-browser.js",
  "extension" : "js",
  "linesOfCode" : 129,
  "unitsCount" : 0,
  "unitsMcCabeIndexSum" : 0,
  "linesOfCodeInUnits" : 0
}, {
  "relativePath" : "backend/src/generated/prisma/package.json",
  "extension" : "json",
  "linesOfCode" : 183,
  "unitsCount" : 0,
  "unitsMcCabeIndexSum" : 0,
  "linesOfCodeInUnits" : 0
}, {
  "relativePath" : "backend/src/generated/prisma/schema.prisma",
  "extension" : "prisma",
  "linesOfCode" : 19,
  "unitsCount" : 0,
  "unitsMcCabeIndexSum" : 0,
  "linesOfCodeInUnits" : 0
}, {
  "relativePath" : "backend/src/generated/prisma/wasm-edge-light-loader.mjs",
  "extension" : "mjs",
  "linesOfCode" : 3,
  "unitsCount" : 0,
  "unitsMcCabeIndexSum" : 0,
  "linesOfCodeInUnits" : 0
}, {
  "relativePath" : "backend/src/generated/prisma/wasm-worker-loader.mjs",
  "extension" : "mjs",
  "linesOfCode" : 3,
  "unitsCount" : 0,
  "unitsMcCabeIndexSum" : 0,
  "linesOfCodeInUnits" : 0
}, {
  "relativePath" : "backend/src/generated/prisma/wasm.js",
  "extension" : "js",
  "linesOfCode" : 148,
  "unitsCount" : 0,
  "unitsMcCabeIndexSum" : 0,
  "linesOfCodeInUnits" : 0
}, {
  "relativePath" : "package-lock.json",
  "extension" : "json",
  "linesOfCode" : 7324,
  "unitsCount" : 0,
  "unitsMcCabeIndexSum" : 0,
  "linesOfCodeInUnits" : 0
}, {
  "relativePath" : "SPL/package-lock.json",
  "extension" : "json",
  "linesOfCode" : 4849,
  "unitsCount" : 0,
  "unitsMcCabeIndexSum" : 0,
  "linesOfCodeInUnits" : 0
} ]