[ {
  "key" : "primary",
  "components" : [ {
    "name" : "backend/prisma",
    "filesCount" : 3,
    "linesOfCode" : 73,
    "numberOfRegexLineMatches" : 0,
    "fileCountPerExtension" : [ {
      "name" : "  *.prisma",
      "value" : 1,
      "description" : [ ]
    }, {
      "name" : "  *.sql",
      "value" : 1,
      "description" : [ ]
    }, {
      "name" : "  *.toml",
      "value" : 1,
      "description" : [ ]
    } ],
    "linesOfCodePerExtension" : [ {
      "name" : "  *.prisma",
      "value" : 39,
      "description" : [ ]
    }, {
      "name" : "  *.sql",
      "value" : 31,
      "description" : [ ]
    }, {
      "name" : "  *.toml",
      "value" : 3,
      "description" : [ ]
    } ]
  }, {
    "name" : "backend/src",
    "filesCount" : 12,
    "linesOfCode" : 807,
    "numberOfRegexLineMatches" : 0,
    "fileCountPerExtension" : [ {
      "name" : "  *.js",
      "value" : 12,
      "description" : [ ]
    } ],
    "linesOfCodePerExtension" : [ {
      "name" : "  *.js",
      "value" : 807,
      "description" : [ ]
    } ]
  }, {
    "name" : "cypress/e2e",
    "filesCount" : 3,
    "linesOfCode" : 260,
    "numberOfRegexLineMatches" : 0,
    "fileCountPerExtension" : [ {
      "name" : "  *.js",
      "value" : 3,
      "description" : [ ]
    } ],
    "linesOfCodePerExtension" : [ {
      "name" : "  *.js",
      "value" : 260,
      "description" : [ ]
    } ]
  }, {
    "name" : "cypress/support",
    "filesCount" : 2,
    "linesOfCode" : 31,
    "numberOfRegexLineMatches" : 0,
    "fileCountPerExtension" : [ {
      "name" : "  *.js",
      "value" : 2,
      "description" : [ ]
    } ],
    "linesOfCodePerExtension" : [ {
      "name" : "  *.js",
      "value" : 31,
      "description" : [ ]
    } ]
  }, {
    "name" : "ROOT",
    "filesCount" : 2,
    "linesOfCode" : 152,
    "numberOfRegexLineMatches" : 0,
    "fileCountPerExtension" : [ {
      "name" : "  *.ps1",
      "value" : 1,
      "description" : [ ]
    }, {
      "name" : "  *.js",
      "value" : 1,
      "description" : [ ]
    } ],
    "linesOfCodePerExtension" : [ {
      "name" : "  *.ps1",
      "value" : 140,
      "description" : [ ]
    }, {
      "name" : "  *.js",
      "value" : 12,
      "description" : [ ]
    } ]
  }, {
    "name" : "SPL/coverage",
    "filesCount" : 13,
    "linesOfCode" : 3095,
    "numberOfRegexLineMatches" : 0,
    "fileCountPerExtension" : [ {
      "name" : "  *.html",
      "value" : 8,
      "description" : [ ]
    }, {
      "name" : "  *.js",
      "value" : 2,
      "description" : [ ]
    }, {
      "name" : "  *.css",
      "value" : 2,
      "description" : [ ]
    }, {
      "name" : "  *.xml",
      "value" : 1,
      "description" : [ ]
    } ],
    "linesOfCodePerExtension" : [ {
      "name" : "  *.html",
      "value" : 2573,
      "description" : [ ]
    }, {
      "name" : "  *.js",
      "value" : 237,
      "description" : [ ]
    }, {
      "name" : "  *.css",
      "value" : 204,
      "description" : [ ]
    }, {
      "name" : "  *.xml",
      "value" : 81,
      "description" : [ ]
    } ]
  }, {
    "name" : "SPL",
    "filesCount" : 3,
    "linesOfCode" : 60,
    "numberOfRegexLineMatches" : 0,
    "fileCountPerExtension" : [ {
      "name" : "  *.ts",
      "value" : 1,
      "description" : [ ]
    }, {
      "name" : "  *.js",
      "value" : 1,
      "description" : [ ]
    }, {
      "name" : "  *.html",
      "value" : 1,
      "description" : [ ]
    } ],
    "linesOfCodePerExtension" : [ {
      "name" : "  *.ts",
      "value" : 25,
      "description" : [ ]
    }, {
      "name" : "  *.js",
      "value" : 22,
      "description" : [ ]
    }, {
      "name" : "  *.html",
      "value" : 13,
      "description" : [ ]
    } ]
  }, {
    "name" : "SPL/src",
    "filesCount" : 31,
    "linesOfCode" : 2923,
    "numberOfRegexLineMatches" : 0,
    "fileCountPerExtension" : [ {
      "name" : "  *.css",
      "value" : 14,
      "description" : [ ]
    }, {
      "name" : "  *.tsx",
      "value" : 15,
      "description" : [ ]
    }, {
      "name" : "  *.ts",
      "value" : 2,
      "description" : [ ]
    } ],
    "linesOfCodePerExtension" : [ {
      "name" : "  *.css",
      "value" : 1546,
      "description" : [ ]
    }, {
      "name" : "  *.tsx",
      "value" : 1352,
      "description" : [ ]
    }, {
      "name" : "  *.ts",
      "value" : 25,
      "description" : [ ]
    } ]
  } ],
  "componentDependencies" : [ ],
  "componentDependenciesErrors" : [ ],
  "logicalDecomposition" : {
    "name" : "primary",
    "scope" : "main",
    "filters" : [ ],
    "componentsFolderDepth" : 2,
    "minComponentsCount" : 0,
    "components" : [ {
      "name" : "backend/prisma",
      "sourceFileFilters" : [ {
        "pathPattern" : "./backend/prisma/.*",
        "contentPattern" : "",
        "exception" : false,
        "note" : ""
      } ],
      "files" : [ ]
    }, {
      "name" : "backend/src",
      "sourceFileFilters" : [ {
        "pathPattern" : "./backend/src/.*",
        "contentPattern" : "",
        "exception" : false,
        "note" : ""
      } ],
      "files" : [ ]
    }, {
      "name" : "cypress/e2e",
      "sourceFileFilters" : [ {
        "pathPattern" : "./cypress/e2e/.*",
        "contentPattern" : "",
        "exception" : false,
        "note" : ""
      } ],
      "files" : [ ]
    }, {
      "name" : "cypress/support",
      "sourceFileFilters" : [ {
        "pathPattern" : "./cypress/support/.*",
        "contentPattern" : "",
        "exception" : false,
        "note" : ""
      } ],
      "files" : [ ]
    }, {
      "name" : "ROOT",
      "sourceFileFilters" : [ {
        "pathPattern" : "./.*",
        "contentPattern" : "",
        "exception" : false,
        "note" : ""
      }, {
        "pathPattern" : "./backend/prisma/.*",
        "contentPattern" : "",
        "exception" : true,
        "note" : ""
      }, {
        "pathPattern" : "./backend/src/.*",
        "contentPattern" : "",
        "exception" : true,
        "note" : ""
      }, {
        "pathPattern" : "./cypress/e2e/.*",
        "contentPattern" : "",
        "exception" : true,
        "note" : ""
      }, {
        "pathPattern" : "./cypress/support/.*",
        "contentPattern" : "",
        "exception" : true,
        "note" : ""
      }, {
        "pathPattern" : "./SPL/coverage/.*",
        "contentPattern" : "",
        "exception" : true,
        "note" : ""
      }, {
        "pathPattern" : "./SPL/.*",
        "contentPattern" : "",
        "exception" : true,
        "note" : ""
      }, {
        "pathPattern" : "./SPL/src/.*",
        "contentPattern" : "",
        "exception" : true,
        "note" : ""
      } ],
      "files" : [ ]
    }, {
      "name" : "SPL/coverage",
      "sourceFileFilters" : [ {
        "pathPattern" : "./SPL/coverage/.*",
        "contentPattern" : "",
        "exception" : false,
        "note" : ""
      } ],
      "files" : [ ]
    }, {
      "name" : "SPL",
      "sourceFileFilters" : [ {
        "pathPattern" : "./SPL/.*",
        "contentPattern" : "",
        "exception" : false,
        "note" : ""
      }, {
        "pathPattern" : "./SPL/coverage/.*",
        "contentPattern" : "",
        "exception" : true,
        "note" : ""
      }, {
        "pathPattern" : "./SPL/src/.*",
        "contentPattern" : "",
        "exception" : true,
        "note" : ""
      } ],
      "files" : [ ]
    }, {
      "name" : "SPL/src",
      "sourceFileFilters" : [ {
        "pathPattern" : "./SPL/src/.*",
        "contentPattern" : "",
        "exception" : false,
        "note" : ""
      } ],
      "files" : [ ]
    } ],
    "metaComponents" : [ ],
    "groups" : [ ],
    "includeRemainingFiles" : true,
    "dependenciesFinder" : {
      "useBuiltInDependencyFinders" : true,
      "rules" : [ ],
      "metaRules" : [ ]
    },
    "renderingOptions" : {
      "orientation" : "TB",
      "maxNumberOfDependencies" : 1000,
      "renderComponentsWithoutDependencies" : true,
      "renderIndirectDependencies" : true,
      "renderInternalIndirectDependencies" : true,
      "reverseDirection" : false
    },
    "includeExternalComponents" : true,
    "dependencyLinkThreshold" : 0,
    "duplicationLinkThreshold" : 1,
    "temporalLinkThreshold" : 1,
    "maxSearchDepthLines" : 1000
  },
  "linesOfCodePerComponent" : [ {
    "name" : "backend/prisma",
    "value" : 73,
    "description" : [ ]
  }, {
    "name" : "backend/src",
    "value" : 807,
    "description" : [ ]
  }, {
    "name" : "cypress/e2e",
    "value" : 260,
    "description" : [ ]
  }, {
    "name" : "cypress/support",
    "value" : 31,
    "description" : [ ]
  }, {
    "name" : "ROOT",
    "value" : 152,
    "description" : [ ]
  }, {
    "name" : "SPL/coverage",
    "value" : 3095,
    "description" : [ ]
  }, {
    "name" : "SPL",
    "value" : 60,
    "description" : [ ]
  }, {
    "name" : "SPL/src",
    "value" : 2923,
    "description" : [ ]
  } ],
  "fileCountPerComponent" : [ {
    "name" : "backend/prisma",
    "value" : 3,
    "description" : [ ]
  }, {
    "name" : "backend/src",
    "value" : 12,
    "description" : [ ]
  }, {
    "name" : "cypress/e2e",
    "value" : 3,
    "description" : [ ]
  }, {
    "name" : "cypress/support",
    "value" : 2,
    "description" : [ ]
  }, {
    "name" : "ROOT",
    "value" : 2,
    "description" : [ ]
  }, {
    "name" : "SPL/coverage",
    "value" : 13,
    "description" : [ ]
  }, {
    "name" : "SPL",
    "value" : 3,
    "description" : [ ]
  }, {
    "name" : "SPL/src",
    "value" : 31,
    "description" : [ ]
  } ]
} ]