[ {
  "relativePath" : "backend/downloaded-test-file.txt",
  "extension" : "txt",
  "linesOfCode" : 1,
  "unitsCount" : 0,
  "unitsMcCabeIndexSum" : 0,
  "linesOfCodeInUnits" : 0
}, {
  "relativePath" : "backend/package-lock.json",
  "extension" : "json",
  "linesOfCode" : 4226,
  "unitsCount" : 0,
  "unitsMcCabeIndexSum" : 0,
  "linesOfCodeInUnits" : 0
}, {
  "relativePath" : "backend/package.json",
  "extension" : "json",
  "linesOfCode" : 38,
  "unitsCount" : 0,
  "unitsMcCabeIndexSum" : 0,
  "linesOfCodeInUnits" : 0
}, {
  "relativePath" : "backend/src/generated/prisma/package.json",
  "extension" : "json",
  "linesOfCode" : 183,
  "unitsCount" : 0,
  "unitsMcCabeIndexSum" : 0,
  "linesOfCodeInUnits" : 0
}, {
  "relativePath" : "backend/test-file.txt",
  "extension" : "txt",
  "linesOfCode" : 1,
  "unitsCount" : 0,
  "unitsMcCabeIndexSum" : 0,
  "linesOfCodeInUnits" : 0
}, {
  "relativePath" : "backend/TESTS_README.md",
  "extension" : "md",
  "linesOfCode" : 233,
  "unitsCount" : 0,
  "unitsMcCabeIndexSum" : 0,
  "linesOfCodeInUnits" : 0
}, {
  "relativePath" : "cypress/fixtures/example.json",
  "extension" : "json",
  "linesOfCode" : 5,
  "unitsCount" : 0,
  "unitsMcCabeIndexSum" : 0,
  "linesOfCodeInUnits" : 0
}, {
  "relativePath" : "package-lock.json",
  "extension" : "json",
  "linesOfCode" : 7324,
  "unitsCount" : 0,
  "unitsMcCabeIndexSum" : 0,
  "linesOfCodeInUnits" : 0
}, {
  "relativePath" : "package.json",
  "extension" : "json",
  "linesOfCode" : 27,
  "unitsCount" : 0,
  "unitsMcCabeIndexSum" : 0,
  "linesOfCodeInUnits" : 0
}, {
  "relativePath" : "README.md",
  "extension" : "md",
  "linesOfCode" : 63,
  "unitsCount" : 0,
  "unitsMcCabeIndexSum" : 0,
  "linesOfCodeInUnits" : 0
}, {
  "relativePath" : "SPL/package-lock.json",
  "extension" : "json",
  "linesOfCode" : 4849,
  "unitsCount" : 0,
  "unitsMcCabeIndexSum" : 0,
  "linesOfCodeInUnits" : 0
}, {
  "relativePath" : "SPL/package.json",
  "extension" : "json",
  "linesOfCode" : 39,
  "unitsCount" : 0,
  "unitsMcCabeIndexSum" : 0,
  "linesOfCodeInUnits" : 0
}, {
  "relativePath" : "SPL/README.md",
  "extension" : "md",
  "linesOfCode" : 58,
  "unitsCount" : 0,
  "unitsMcCabeIndexSum" : 0,
  "linesOfCodeInUnits" : 0
}, {
  "relativePath" : "SPL/tsconfig.app.json",
  "extension" : "json",
  "linesOfCode" : 25,
  "unitsCount" : 0,
  "unitsMcCabeIndexSum" : 0,
  "linesOfCodeInUnits" : 0
}, {
  "relativePath" : "SPL/tsconfig.json",
  "extension" : "json",
  "linesOfCode" : 7,
  "unitsCount" : 0,
  "unitsMcCabeIndexSum" : 0,
  "linesOfCodeInUnits" : 0
}, {
  "relativePath" : "SPL/tsconfig.node.json",
  "extension" : "json",
  "linesOfCode" : 23,
  "unitsCount" : 0,
  "unitsMcCabeIndexSum" : 0,
  "linesOfCodeInUnits" : 0
}, {
  "relativePath" : "sprint3.txt",
  "extension" : "txt",
  "linesOfCode" : 13,
  "unitsCount" : 0,
  "unitsMcCabeIndexSum" : 0,
  "linesOfCodeInUnits" : 0
} ]