[ {
  "relativePath" : "backend/src/tests/authMiddleware.integration.test.js",
  "extension" : "js",
  "linesOfCode" : 52,
  "unitsCount" : 0,
  "unitsMcCabeIndexSum" : 0,
  "linesOfCodeInUnits" : 0
}, {
  "relativePath" : "backend/src/tests/buildController.integration.test.js",
  "extension" : "js",
  "linesOfCode" : 105,
  "unitsCount" : 0,
  "unitsMcCabeIndexSum" : 0,
  "linesOfCodeInUnits" : 0
}, {
  "relativePath" : "backend/src/tests/buildController.test.js",
  "extension" : "js",
  "linesOfCode" : 83,
  "unitsCount" : 0,
  "unitsMcCabeIndexSum" : 0,
  "linesOfCodeInUnits" : 0
}, {
  "relativePath" : "backend/src/tests/middleware.test.js",
  "extension" : "js",
  "linesOfCode" : 60,
  "unitsCount" : 0,
  "unitsMcCabeIndexSum" : 0,
  "linesOfCodeInUnits" : 0
}, {
  "relativePath" : "backend/src/tests/setup.js",
  "extension" : "js",
  "linesOfCode" : 29,
  "unitsCount" : 0,
  "unitsMcCabeIndexSum" : 0,
  "linesOfCodeInUnits" : 0
}, {
  "relativePath" : "backend/src/tests/userController.integration.test.js",
  "extension" : "js",
  "linesOfCode" : 83,
  "unitsCount" : 0,
  "unitsMcCabeIndexSum" : 0,
  "linesOfCodeInUnits" : 0
}, {
  "relativePath" : "backend/src/tests/userController.test.js",
  "extension" : "js",
  "linesOfCode" : 96,
  "unitsCount" : 0,
  "unitsMcCabeIndexSum" : 0,
  "linesOfCodeInUnits" : 0
}, {
  "relativePath" : "backend/src/tests/utils/integrationDb.js",
  "extension" : "js",
  "linesOfCode" : 90,
  "unitsCount" : 0,
  "unitsMcCabeIndexSum" : 0,
  "linesOfCodeInUnits" : 0
}, {
  "relativePath" : "backend/test_upload.js",
  "extension" : "js",
  "linesOfCode" : 44,
  "unitsCount" : 0,
  "unitsMcCabeIndexSum" : 0,
  "linesOfCodeInUnits" : 0
}, {
  "relativePath" : "backend/vitest.config.ts",
  "extension" : "ts",
  "linesOfCode" : 31,
  "unitsCount" : 0,
  "unitsMcCabeIndexSum" : 0,
  "linesOfCodeInUnits" : 0
}, {
  "relativePath" : "backend/vitest.integration.config.ts",
  "extension" : "ts",
  "linesOfCode" : 12,
  "unitsCount" : 0,
  "unitsMcCabeIndexSum" : 0,
  "linesOfCodeInUnits" : 0
}, {
  "relativePath" : "backend/__mocks__/@prisma/client.js",
  "extension" : "js",
  "linesOfCode" : 24,
  "unitsCount" : 0,
  "unitsMcCabeIndexSum" : 0,
  "linesOfCodeInUnits" : 0
}, {
  "relativePath" : "SPL/src/tests/AdminUsers.integration.test.tsx",
  "extension" : "tsx",
  "linesOfCode" : 72,
  "unitsCount" : 0,
  "unitsMcCabeIndexSum" : 0,
  "linesOfCodeInUnits" : 0
}, {
  "relativePath" : "SPL/src/tests/Builds.integration.test.tsx",
  "extension" : "tsx",
  "linesOfCode" : 113,
  "unitsCount" : 0,
  "unitsMcCabeIndexSum" : 0,
  "linesOfCodeInUnits" : 0
}, {
  "relativePath" : "SPL/src/tests/Header.test.tsx",
  "extension" : "tsx",
  "linesOfCode" : 89,
  "unitsCount" : 0,
  "unitsMcCabeIndexSum" : 0,
  "linesOfCodeInUnits" : 0
}, {
  "relativePath" : "SPL/src/tests/Login.test.tsx",
  "extension" : "tsx",
  "linesOfCode" : 204,
  "unitsCount" : 0,
  "unitsMcCabeIndexSum" : 0,
  "linesOfCodeInUnits" : 0
}, {
  "relativePath" : "SPL/src/tests/NewBuild.integration.test.tsx",
  "extension" : "tsx",
  "linesOfCode" : 122,
  "unitsCount" : 0,
  "unitsMcCabeIndexSum" : 0,
  "linesOfCodeInUnits" : 0
}, {
  "relativePath" : "SPL/src/tests/Signup.test.tsx",
  "extension" : "tsx",
  "linesOfCode" : 125,
  "unitsCount" : 0,
  "unitsMcCabeIndexSum" : 0,
  "linesOfCodeInUnits" : 0
}, {
  "relativePath" : "SPL/vitest.integration.config.ts",
  "extension" : "ts",
  "linesOfCode" : 11,
  "unitsCount" : 0,
  "unitsMcCabeIndexSum" : 0,
  "linesOfCodeInUnits" : 0
} ]