[ {
  "shortName" : "function EditUser()",
  "longName" : "",
  "relativeFileName" : "SPL/src/EditUser.tsx",
  "fileLinesCount" : 85,
  "components" : [ "primary::SPL/src" ],
  "startLine" : 7,
  "endLine" : 83,
  "linesOfCode" : 66,
  "mcCabeIndex" : 5,
  "numberOfParameters" : 0,
  "numberOfLiterals" : 0,
  "numberOfStatements" : 0,
  "numberOfExpressions" : 0
}, {
  "shortName" : "function Home()",
  "longName" : "",
  "relativeFileName" : "SPL/src/App.tsx",
  "fileLinesCount" : 150,
  "components" : [ "primary::SPL/src" ],
  "startLine" : 19,
  "endLine" : 65,
  "linesOfCode" : 45,
  "mcCabeIndex" : 2,
  "numberOfParameters" : 0,
  "numberOfLiterals" : 0,
  "numberOfStatements" : 0,
  "numberOfExpressions" : 0
}, {
  "shortName" : "export default function Header()",
  "longName" : "",
  "relativeFileName" : "SPL/src/Header.tsx",
  "fileLinesCount" : 38,
  "components" : [ "primary::SPL/src" ],
  "startLine" : 6,
  "endLine" : 38,
  "linesOfCode" : 31,
  "mcCabeIndex" : 4,
  "numberOfParameters" : 0,
  "numberOfLiterals" : 0,
  "numberOfStatements" : 0,
  "numberOfExpressions" : 0
}, {
  "shortName" : "function enableUI()",
  "longName" : "",
  "relativeFileName" : "SPL/coverage/sorter.js",
  "fileLinesCount" : 210,
  "components" : [ "primary::SPL/coverage" ],
  "startLine" : 165,
  "endLine" : 196,
  "linesOfCode" : 28,
  "mcCabeIndex" : 5,
  "numberOfParameters" : 0,
  "numberOfLiterals" : 0,
  "numberOfStatements" : 0,
  "numberOfExpressions" : 0
}, {
  "shortName" : "export default defineConfig()",
  "longName" : "",
  "relativeFileName" : "SPL/vite.config.ts",
  "fileLinesCount" : 26,
  "components" : [ "primary::SPL" ],
  "startLine" : 4,
  "endLine" : 26,
  "linesOfCode" : 23,
  "mcCabeIndex" : 1,
  "numberOfParameters" : 1,
  "numberOfLiterals" : 0,
  "numberOfStatements" : 0,
  "numberOfExpressions" : 0
}, {
  "shortName" : "function onFilterInput()",
  "longName" : "",
  "relativeFileName" : "SPL/coverage/sorter.js",
  "fileLinesCount" : 210,
  "components" : [ "primary::SPL/coverage" ],
  "startLine" : 27,
  "endLine" : 56,
  "linesOfCode" : 22,
  "mcCabeIndex" : 5,
  "numberOfParameters" : 0,
  "numberOfLiterals" : 0,
  "numberOfStatements" : 0,
  "numberOfExpressions" : 0
}, {
  "shortName" : "function loadColumns()",
  "longName" : "",
  "relativeFileName" : "SPL/coverage/sorter.js",
  "fileLinesCount" : 210,
  "components" : [ "primary::SPL/coverage" ],
  "startLine" : 67,
  "endLine" : 89,
  "linesOfCode" : 22,
  "mcCabeIndex" : 4,
  "numberOfParameters" : 0,
  "numberOfLiterals" : 0,
  "numberOfStatements" : 0,
  "numberOfExpressions" : 0
}, {
  "shortName" : "destination: function()",
  "longName" : "",
  "relativeFileName" : "backend/src/controllers/assetController.js",
  "fileLinesCount" : 356,
  "components" : [ "primary::backend/src" ],
  "startLine" : 66,
  "endLine" : 90,
  "linesOfCode" : 21,
  "mcCabeIndex" : 4,
  "numberOfParameters" : 3,
  "numberOfLiterals" : 0,
  "numberOfStatements" : 0,
  "numberOfExpressions" : 0
}, {
  "shortName" : "function loadRowData()",
  "longName" : "",
  "relativeFileName" : "SPL/coverage/sorter.js",
  "fileLinesCount" : 210,
  "components" : [ "primary::SPL/coverage" ],
  "startLine" : 92,
  "endLine" : 109,
  "linesOfCode" : 18,
  "mcCabeIndex" : 3,
  "numberOfParameters" : 1,
  "numberOfLiterals" : 0,
  "numberOfStatements" : 0,
  "numberOfExpressions" : 0
}, {
  "shortName" : "function sortByIndex()",
  "longName" : "",
  "relativeFileName" : "SPL/coverage/sorter.js",
  "fileLinesCount" : 210,
  "components" : [ "primary::SPL/coverage" ],
  "startLine" : 120,
  "endLine" : 149,
  "linesOfCode" : 18,
  "mcCabeIndex" : 4,
  "numberOfParameters" : 2,
  "numberOfLiterals" : 0,
  "numberOfStatements" : 0,
  "numberOfExpressions" : 0
}, {
  "shortName" : "filename: function()",
  "longName" : "",
  "relativeFileName" : "backend/src/controllers/assetController.js",
  "fileLinesCount" : 356,
  "components" : [ "primary::backend/src" ],
  "startLine" : 91,
  "endLine" : 107,
  "linesOfCode" : 17,
  "mcCabeIndex" : 4,
  "numberOfParameters" : 3,
  "numberOfLiterals" : 0,
  "numberOfStatements" : 0,
  "numberOfExpressions" : 0
}, {
  "shortName" : "onBeforeLoad()",
  "longName" : "",
  "relativeFileName" : "cypress/e2e/admin.cy.js",
  "fileLinesCount" : 106,
  "components" : [ "primary::cypress/e2e" ],
  "startLine" : 20,
  "endLine" : 40,
  "linesOfCode" : 15,
  "mcCabeIndex" : 3,
  "numberOfParameters" : 1,
  "numberOfLiterals" : 0,
  "numberOfStatements" : 0,
  "numberOfExpressions" : 0
}, {
  "shortName" : "export default function adminOnly()",
  "longName" : "",
  "relativeFileName" : "backend/src/middleware/adminMiddleware.js",
  "fileLinesCount" : 19,
  "components" : [ "primary::backend/src" ],
  "startLine" : 4,
  "endLine" : 19,
  "linesOfCode" : 14,
  "mcCabeIndex" : 4,
  "numberOfParameters" : 3,
  "numberOfLiterals" : 0,
  "numberOfStatements" : 0,
  "numberOfExpressions" : 0
}, {
  "shortName" : "onBeforeLoad()",
  "longName" : "",
  "relativeFileName" : "cypress/e2e/admin.cy.js",
  "fileLinesCount" : 106,
  "components" : [ "primary::cypress/e2e" ],
  "startLine" : 89,
  "endLine" : 102,
  "linesOfCode" : 14,
  "mcCabeIndex" : 1,
  "numberOfParameters" : 1,
  "numberOfLiterals" : 0,
  "numberOfStatements" : 0,
  "numberOfExpressions" : 0
}, {
  "shortName" : "function goToNext()",
  "longName" : "",
  "relativeFileName" : "SPL/coverage/block-navigation.js",
  "fileLinesCount" : 87,
  "components" : [ "primary::SPL/coverage" ],
  "startLine" : 52,
  "endLine" : 63,
  "linesOfCode" : 10,
  "mcCabeIndex" : 3,
  "numberOfParameters" : 0,
  "numberOfLiterals" : 0,
  "numberOfStatements" : 0,
  "numberOfExpressions" : 0
}, {
  "shortName" : "id: Number()",
  "longName" : "",
  "relativeFileName" : "SPL/src/App.tsx",
  "fileLinesCount" : 150,
  "components" : [ "primary::SPL/src" ],
  "startLine" : 69,
  "endLine" : 80,
  "linesOfCode" : 10,
  "mcCabeIndex" : 1,
  "numberOfParameters" : 1,
  "numberOfLiterals" : 0,
  "numberOfStatements" : 0,
  "numberOfExpressions" : 0
}, {
  "shortName" : "onBeforeLoad()",
  "longName" : "",
  "relativeFileName" : "cypress/support/commands.js",
  "fileLinesCount" : 39,
  "components" : [ "primary::cypress/support" ],
  "startLine" : 17,
  "endLine" : 28,
  "linesOfCode" : 9,
  "mcCabeIndex" : 2,
  "numberOfParameters" : 1,
  "numberOfLiterals" : 0,
  "numberOfStatements" : 0,
  "numberOfExpressions" : 0
}, {
  "shortName" : "function makeCurrent()",
  "longName" : "",
  "relativeFileName" : "SPL/coverage/block-navigation.js",
  "fileLinesCount" : 87,
  "components" : [ "primary::SPL/coverage" ],
  "startLine" : 31,
  "endLine" : 39,
  "linesOfCode" : 9,
  "mcCabeIndex" : 1,
  "numberOfParameters" : 1,
  "numberOfLiterals" : 0,
  "numberOfStatements" : 0,
  "numberOfExpressions" : 0
}, {
  "shortName" : "function goToPrevious()",
  "longName" : "",
  "relativeFileName" : "SPL/coverage/block-navigation.js",
  "fileLinesCount" : 87,
  "components" : [ "primary::SPL/coverage" ],
  "startLine" : 41,
  "endLine" : 50,
  "linesOfCode" : 9,
  "mcCabeIndex" : 4,
  "numberOfParameters" : 0,
  "numberOfLiterals" : 0,
  "numberOfStatements" : 0,
  "numberOfExpressions" : 0
}, {
  "shortName" : "function toAppUser()",
  "longName" : "",
  "relativeFileName" : "SPL/src/AuthProvider.tsx",
  "fileLinesCount" : 66,
  "components" : [ "primary::SPL/src" ],
  "startLine" : 14,
  "endLine" : 24,
  "linesOfCode" : 9,
  "mcCabeIndex" : 3,
  "numberOfParameters" : 1,
  "numberOfLiterals" : 0,
  "numberOfStatements" : 0,
  "numberOfExpressions" : 0
}, {
  "shortName" : "export default function Footer()",
  "longName" : "",
  "relativeFileName" : "SPL/src/Footer.tsx",
  "fileLinesCount" : 11,
  "components" : [ "primary::SPL/src" ],
  "startLine" : 3,
  "endLine" : 11,
  "linesOfCode" : 9,
  "mcCabeIndex" : 1,
  "numberOfParameters" : 0,
  "numberOfLiterals" : 0,
  "numberOfStatements" : 0,
  "numberOfExpressions" : 0
}, {
  "shortName" : "function toAppUser()",
  "longName" : "",
  "relativeFileName" : "SPL/src/App.tsx",
  "fileLinesCount" : 150,
  "components" : [ "primary::SPL/src" ],
  "startLine" : 67,
  "endLine" : 74,
  "linesOfCode" : 8,
  "mcCabeIndex" : 1,
  "numberOfParameters" : 1,
  "numberOfLiterals" : 0,
  "numberOfStatements" : 0,
  "numberOfExpressions" : 0
}, {
  "shortName" : "await fetch()",
  "longName" : "",
  "relativeFileName" : "SPL/src/EditUser.tsx",
  "fileLinesCount" : 85,
  "components" : [ "primary::SPL/src" ],
  "startLine" : 33,
  "endLine" : 40,
  "linesOfCode" : 8,
  "mcCabeIndex" : 1,
  "numberOfParameters" : 8,
  "numberOfLiterals" : 0,
  "numberOfStatements" : 0,
  "numberOfExpressions" : 0
}, {
  "shortName" : "Joindre des fichiers()",
  "longName" : "",
  "relativeFileName" : "SPL/src/NewBuild.tsx",
  "fileLinesCount" : 146,
  "components" : [ "primary::SPL/src" ],
  "startLine" : 131,
  "endLine" : 138,
  "linesOfCode" : 8,
  "mcCabeIndex" : 2,
  "numberOfParameters" : 1,
  "numberOfLiterals" : 0,
  "numberOfStatements" : 0,
  "numberOfExpressions" : 0
}, {
  "shortName" : "function loadData()",
  "longName" : "",
  "relativeFileName" : "SPL/coverage/sorter.js",
  "fileLinesCount" : 210,
  "components" : [ "primary::SPL/coverage" ],
  "startLine" : 111,
  "endLine" : 118,
  "linesOfCode" : 7,
  "mcCabeIndex" : 2,
  "numberOfParameters" : 0,
  "numberOfLiterals" : 0,
  "numberOfStatements" : 0,
  "numberOfExpressions" : 0
}, {
  "shortName" : "isAdmin: Number()",
  "longName" : "",
  "relativeFileName" : "SPL/src/App.tsx",
  "fileLinesCount" : 150,
  "components" : [ "primary::SPL/src" ],
  "startLine" : 72,
  "endLine" : 80,
  "linesOfCode" : 7,
  "mcCabeIndex" : 1,
  "numberOfParameters" : 1,
  "numberOfLiterals" : 0,
  "numberOfStatements" : 0,
  "numberOfExpressions" : 0
}, {
  "shortName" : "function toggleClass()",
  "longName" : "",
  "relativeFileName" : "SPL/coverage/block-navigation.js",
  "fileLinesCount" : 87,
  "components" : [ "primary::SPL/coverage" ],
  "startLine" : 24,
  "endLine" : 29,
  "linesOfCode" : 6,
  "mcCabeIndex" : 1,
  "numberOfParameters" : 1,
  "numberOfLiterals" : 0,
  "numberOfStatements" : 0,
  "numberOfExpressions" : 0
}, {
  "shortName" : "function addSearchBox()",
  "longName" : "",
  "relativeFileName" : "SPL/coverage/sorter.js",
  "fileLinesCount" : 210,
  "components" : [ "primary::SPL/coverage" ],
  "startLine" : 59,
  "endLine" : 64,
  "linesOfCode" : 6,
  "mcCabeIndex" : 1,
  "numberOfParameters" : 0,
  "numberOfLiterals" : 0,
  "numberOfStatements" : 0,
  "numberOfExpressions" : 0
}, {
  "shortName" : "function removeSortIndicators()",
  "longName" : "",
  "relativeFileName" : "SPL/coverage/sorter.js",
  "fileLinesCount" : 210,
  "components" : [ "primary::SPL/coverage" ],
  "startLine" : 151,
  "endLine" : 157,
  "linesOfCode" : 6,
  "mcCabeIndex" : 1,
  "numberOfParameters" : 0,
  "numberOfLiterals" : 0,
  "numberOfStatements" : 0,
  "numberOfExpressions" : 0
}, {
  "shortName" : "sorter = function()",
  "longName" : "",
  "relativeFileName" : "SPL/coverage/sorter.js",
  "fileLinesCount" : 210,
  "components" : [ "primary::SPL/coverage" ],
  "startLine" : 122,
  "endLine" : 126,
  "linesOfCode" : 5,
  "mcCabeIndex" : 2,
  "numberOfParameters" : 2,
  "numberOfLiterals" : 0,
  "numberOfStatements" : 0,
  "numberOfExpressions" : 0
}, {
  "shortName" : "function addSortIndicators()",
  "longName" : "",
  "relativeFileName" : "SPL/coverage/sorter.js",
  "fileLinesCount" : 210,
  "components" : [ "primary::SPL/coverage" ],
  "startLine" : 159,
  "endLine" : 163,
  "linesOfCode" : 5,
  "mcCabeIndex" : 2,
  "numberOfParameters" : 0,
  "numberOfLiterals" : 0,
  "numberOfStatements" : 0,
  "numberOfExpressions" : 0
}, {
  "shortName" : "filename: function()",
  "longName" : "",
  "relativeFileName" : "backend/src/controllers/buildController.js",
  "fileLinesCount" : 231,
  "components" : [ "primary::backend/src" ],
  "startLine" : 20,
  "endLine" : 23,
  "linesOfCode" : 4,
  "mcCabeIndex" : 1,
  "numberOfParameters" : 3,
  "numberOfLiterals" : 0,
  "numberOfStatements" : 0,
  "numberOfExpressions" : 0
}, {
  "shortName" : "function getPrisma()",
  "longName" : "",
  "relativeFileName" : "backend/src/middleware/authMiddleware.js",
  "fileLinesCount" : 39,
  "components" : [ "primary::backend/src" ],
  "startLine" : 5,
  "endLine" : 8,
  "linesOfCode" : 4,
  "mcCabeIndex" : 2,
  "numberOfParameters" : 0,
  "numberOfLiterals" : 0,
  "numberOfStatements" : 0,
  "numberOfExpressions" : 0
}, {
  "shortName" : "function visitPathWithStubbedFetch()",
  "longName" : "",
  "relativeFileName" : "cypress/e2e/admin.cy.js",
  "fileLinesCount" : 106,
  "components" : [ "primary::cypress/e2e" ],
  "startLine" : 18,
  "endLine" : 42,
  "linesOfCode" : 4,
  "mcCabeIndex" : 1,
  "numberOfParameters" : 2,
  "numberOfLiterals" : 0,
  "numberOfStatements" : 0,
  "numberOfExpressions" : 0
}, {
  "shortName" : "await fetch()",
  "longName" : "",
  "relativeFileName" : "SPL/src/AdminUsers.tsx",
  "fileLinesCount" : 86,
  "components" : [ "primary::SPL/src" ],
  "startLine" : 36,
  "endLine" : 39,
  "linesOfCode" : 4,
  "mcCabeIndex" : 1,
  "numberOfParameters" : 4,
  "numberOfLiterals" : 0,
  "numberOfStatements" : 0,
  "numberOfExpressions" : 0
}, {
  "shortName" : "function toNumber()",
  "longName" : "",
  "relativeFileName" : "SPL/src/AuthProvider.tsx",
  "fileLinesCount" : 66,
  "components" : [ "primary::SPL/src" ],
  "startLine" : 6,
  "endLine" : 9,
  "linesOfCode" : 4,
  "mcCabeIndex" : 3,
  "numberOfParameters" : 2,
  "numberOfLiterals" : 0,
  "numberOfStatements" : 0,
  "numberOfExpressions" : 0
}, {
  "shortName" : "destination: function()",
  "longName" : "",
  "relativeFileName" : "backend/src/controllers/buildController.js",
  "fileLinesCount" : 231,
  "components" : [ "primary::backend/src" ],
  "startLine" : 17,
  "endLine" : 19,
  "linesOfCode" : 3,
  "mcCabeIndex" : 1,
  "numberOfParameters" : 3,
  "numberOfLiterals" : 0,
  "numberOfStatements" : 0,
  "numberOfExpressions" : 0
}, {
  "shortName" : "function getTable()",
  "longName" : "",
  "relativeFileName" : "SPL/coverage/sorter.js",
  "fileLinesCount" : 210,
  "components" : [ "primary::SPL/coverage" ],
  "startLine" : 11,
  "endLine" : 13,
  "linesOfCode" : 3,
  "mcCabeIndex" : 1,
  "numberOfParameters" : 0,
  "numberOfLiterals" : 0,
  "numberOfStatements" : 0,
  "numberOfExpressions" : 0
}, {
  "shortName" : "function getTableHeader()",
  "longName" : "",
  "relativeFileName" : "SPL/coverage/sorter.js",
  "fileLinesCount" : 210,
  "components" : [ "primary::SPL/coverage" ],
  "startLine" : 15,
  "endLine" : 17,
  "linesOfCode" : 3,
  "mcCabeIndex" : 1,
  "numberOfParameters" : 0,
  "numberOfLiterals" : 0,
  "numberOfStatements" : 0,
  "numberOfExpressions" : 0
}, {
  "shortName" : "function getTableBody()",
  "longName" : "",
  "relativeFileName" : "SPL/coverage/sorter.js",
  "fileLinesCount" : 210,
  "components" : [ "primary::SPL/coverage" ],
  "startLine" : 19,
  "endLine" : 21,
  "linesOfCode" : 3,
  "mcCabeIndex" : 1,
  "numberOfParameters" : 0,
  "numberOfLiterals" : 0,
  "numberOfStatements" : 0,
  "numberOfExpressions" : 0
}, {
  "shortName" : "function getNthColumn()",
  "longName" : "",
  "relativeFileName" : "SPL/coverage/sorter.js",
  "fileLinesCount" : 210,
  "components" : [ "primary::SPL/coverage" ],
  "startLine" : 23,
  "endLine" : 25,
  "linesOfCode" : 3,
  "mcCabeIndex" : 1,
  "numberOfParameters" : 1,
  "numberOfLiterals" : 0,
  "numberOfStatements" : 0,
  "numberOfExpressions" : 0
}, {
  "shortName" : "finalSorter = function()",
  "longName" : "",
  "relativeFileName" : "SPL/coverage/sorter.js",
  "fileLinesCount" : 210,
  "components" : [ "primary::SPL/coverage" ],
  "startLine" : 134,
  "endLine" : 136,
  "linesOfCode" : 3,
  "mcCabeIndex" : 1,
  "numberOfParameters" : 2,
  "numberOfLiterals" : 0,
  "numberOfStatements" : 0,
  "numberOfExpressions" : 0
}, {
  "shortName" : "function toString()",
  "longName" : "",
  "relativeFileName" : "SPL/src/AuthProvider.tsx",
  "fileLinesCount" : 66,
  "components" : [ "primary::SPL/src" ],
  "startLine" : 10,
  "endLine" : 12,
  "linesOfCode" : 3,
  "mcCabeIndex" : 2,
  "numberOfParameters" : 2,
  "numberOfLiterals" : 0,
  "numberOfStatements" : 0,
  "numberOfExpressions" : 0
}, {
  "shortName" : "setupNodeEvents()",
  "longName" : "",
  "relativeFileName" : "cypress.config.js",
  "fileLinesCount" : 14,
  "components" : [ "primary::ROOT" ],
  "startLine" : 10,
  "endLine" : 12,
  "linesOfCode" : 2,
  "mcCabeIndex" : 1,
  "numberOfParameters" : 2,
  "numberOfLiterals" : 0,
  "numberOfStatements" : 0,
  "numberOfExpressions" : 0
}, {
  "shortName" : "json: async()",
  "longName" : "",
  "relativeFileName" : "cypress/e2e/admin.cy.js",
  "fileLinesCount" : 106,
  "components" : [ "primary::cypress/e2e" ],
  "startLine" : 73,
  "endLine" : 73,
  "linesOfCode" : 1,
  "mcCabeIndex" : 1,
  "numberOfParameters" : 0,
  "numberOfLiterals" : 0,
  "numberOfStatements" : 0,
  "numberOfExpressions" : 0
} ]