{
  "metadata" : {
    "name" : "Projet_final_devapp",
    "description" : "Sokrates static analysis for Projet_final_devApp (backend + SPL frontend).",
    "tooltip" : "Sokrates analysis and reports for this project",
    "logoLink" : "./_sokrates/logo.png",
    "links" : [ {
      "label" : "",
      "href" : ""
    } ]
  },
  "summary" : [ ],
  "srcRoot" : "..",
  "extensions" : [ "js", "ts", "json", "md", "html", "cjs", "mjs", "yaml", "txt", "tsx", "ps1", "cmd", "css", "editorconfig", "svg", "npmignore", "xml", "markdown", "jshintrc", "coffee", "babelrc", "prisma", "mdown", "gitattributes", "py", "jscsrc", "applescript", "patch", "nix", "in", "eslintignore", "sql", "gitignore", "toml", "php" ],
  "ignore" : [ {
    "pathPattern" : ".*/[.][a-zA-Z0-9_]+.*",
    "contentPattern" : "",
    "exception" : false,
    "note" : "Hidden files and folders"
  }, {
    "pathPattern" : ".*/node_modules/.*",
    "contentPattern" : "",
    "exception" : false,
    "note" : "Node dependencies"
  }, {
    "pathPattern" : ".*\\.d\\.ts",
    "contentPattern" : "",
    "exception" : false,
    "note" : "Typescript definition files"
  }, {
    "pathPattern" : ".*/bin/.*",
    "contentPattern" : "",
    "exception" : false,
    "note" : "Binaries for distribution"
  }, {
    "pathPattern" : ".*/dist/.*",
    "contentPattern" : "",
    "exception" : false,
    "note" : "Distributions"
  }, {
    "pathPattern" : ".*/react(-[^.]*)?\\.js",
    "contentPattern" : "",
    "exception" : false,
    "note" : "React"
  }, {
    "pathPattern" : "(?i).*/require.*[.]js",
    "contentPattern" : "",
    "exception" : false,
    "note" : "RequireJS files"
  }, {
    "pathPattern" : ".*/[Vv]endors?/.*",
    "contentPattern" : "",
    "exception" : false,
    "note" : "Dependencies"
  }, {
    "pathPattern" : ".*/docs/.*",
    "contentPattern" : "",
    "exception" : false,
    "note" : "Documentation"
  }, {
    "pathPattern" : ".*[.]min[.]js",
    "contentPattern" : "",
    "exception" : false,
    "note" : "Minimized JS library"
  }, {
    "pathPattern" : ".*/angular([^.]*)\\.js",
    "contentPattern" : "",
    "exception" : false,
    "note" : "AngularJS"
  }, {
    "pathPattern" : ".*/materialize[.](js|css|less|scss|styl)",
    "contentPattern" : "",
    "exception" : false,
    "note" : "Materialize css"
  }, {
    "pathPattern" : ".*/deps/.*",
    "contentPattern" : "",
    "exception" : false,
    "note" : "Dependencies"
  } ],
  "main" : {
    "name" : "main",
    "sourceFileFilters" : [ {
      "pathPattern" : ".*",
      "contentPattern" : "",
      "exception" : false,
      "note" : ""
    } ],
    "files" : [ ]
  },
  "test" : {
    "name" : "test",
    "sourceFileFilters" : [ {
      "pathPattern" : ".*[-]test[-].*",
      "contentPattern" : "",
      "exception" : false,
      "note" : "Test files"
    }, {
      "pathPattern" : ".*/vitest[.].*",
      "contentPattern" : "",
      "exception" : false,
      "note" : "Vitest configuration files"
    }, {
      "pathPattern" : ".*/mock[a-zA-Z0-9_\\- ]+/.*",
      "contentPattern" : "",
      "exception" : false,
      "note" : "Mock resources"
    }, {
      "pathPattern" : ".*/[Tt]est/.*",
      "contentPattern" : "",
      "exception" : false,
      "note" : "Test files"
    }, {
      "pathPattern" : ".*/test[.].*",
      "contentPattern" : "",
      "exception" : false,
      "note" : "Test files"
    }, {
      "pathPattern" : ".*/[Tt]ests/.*",
      "contentPattern" : "",
      "exception" : false,
      "note" : "Test files"
    }, {
      "pathPattern" : ".*[.][Tt]est[.].*",
      "contentPattern" : "",
      "exception" : false,
      "note" : "Test files"
    }, {
      "pathPattern" : ".*[.]test[.].*",
      "contentPattern" : "",
      "exception" : false,
      "note" : "Test files"
    }, {
      "pathPattern" : ".*[.]spec[.]ts",
      "contentPattern" : "",
      "exception" : false,
      "note" : "TypeScript test files"
    }, {
      "pathPattern" : ".*/test_.*",
      "contentPattern" : "",
      "exception" : false,
      "note" : "Test files"
    }, {
      "pathPattern" : ".*/__mock[a-zA-Z0-9_\\- ]+/.*",
      "contentPattern" : "",
      "exception" : false,
      "note" : "Mock resources"
    }, {
      "pathPattern" : ".*/jest[.][a-zA-Z0-9\\.]+",
      "contentPattern" : "",
      "exception" : false,
      "note" : "Jest files"
    }, {
      "pathPattern" : ".*__tests__.*",
      "contentPattern" : "",
      "exception" : false,
      "note" : "Test files"
    }, {
      "pathPattern" : ".*/karma[.]conf[.]js",
      "contentPattern" : "",
      "exception" : false,
      "note" : "Karma test files"
    }, {
      "pathPattern" : ".*_test[.].*",
      "contentPattern" : "",
      "exception" : false,
      "note" : "Test files"
    }, {
      "pathPattern" : ".*_mock[.][a-zA-Z0-9_\\-]+",
      "contentPattern" : "",
      "exception" : false,
      "note" : "Mock resources"
    }, {
      "pathPattern" : ".*[.]spec[.]js",
      "contentPattern" : "",
      "exception" : false,
      "note" : "JavaScript test files"
    } ],
    "files" : [ ]
  },
  "generated" : {
    "name" : "generated",
    "sourceFileFilters" : [ {
      "pathPattern" : ".*/generated/.*",
      "contentPattern" : "",
      "exception" : false,
      "note" : "Generated files"
    }, {
      "pathPattern" : ".*/package[-]lock[.]json",
      "contentPattern" : "",
      "exception" : false,
      "note" : "A generated npm package lock file"
    }, {
      "pathPattern" : "",
      "contentPattern" : "\\<\\!\\-\\-[ ]*Generated by .*",
      "exception" : false,
      "note" : "Generated files"
    }, {
      "pathPattern" : "",
      "contentPattern" : "// Generated using .*",
      "exception" : false,
      "note" : "Generated files"
    }, {
      "pathPattern" : "",
      "contentPattern" : "//[ ]*Generated by .*",
      "exception" : false,
      "note" : "Generated files"
    }, {
      "pathPattern" : ".*[.]generated[.][a-zA-Z]+",
      "contentPattern" : "",
      "exception" : false,
      "note" : "Generated files"
    } ],
    "files" : [ ]
  },
  "buildAndDeployment" : {
    "name" : "build and deployment",
    "sourceFileFilters" : [ {
      "pathPattern" : ".*[.]git[a-z]+",
      "contentPattern" : "",
      "exception" : false,
      "note" : "Git configuration files"
    }, {
      "pathPattern" : ".*/[.]gitignore",
      "contentPattern" : "",
      "exception" : false,
      "note" : "Git ignore files"
    }, {
      "pathPattern" : ".*/package[.]json",
      "contentPattern" : "",
      "exception" : false,
      "note" : "npm configuration"
    }, {
      "pathPattern" : ".*([.]|/)webpack([.]|/).*",
      "contentPattern" : "",
      "exception" : false,
      "note" : "Webpack configuration files"
    }, {
      "pathPattern" : ".*/package[-]lock[.]json",
      "contentPattern" : "",
      "exception" : false,
      "note" : "npm configuration"
    }, {
      "pathPattern" : ".*/[.]gitattributes",
      "contentPattern" : "",
      "exception" : false,
      "note" : "Git attributes"
    } ],
    "files" : [ ]
  },
  "other" : {
    "name" : "other",
    "sourceFileFilters" : [ {
      "pathPattern" : ".*/[.]gitignore",
      "contentPattern" : "",
      "exception" : false,
      "note" : "Ignore list"
    }, {
      "pathPattern" : ".*[.]txt",
      "contentPattern" : "",
      "exception" : false,
      "note" : "Text files"
    }, {
      "pathPattern" : ".*[.]json",
      "contentPattern" : "",
      "exception" : false,
      "note" : "JSON files"
    }, {
      "pathPattern" : ".*[.]md",
      "contentPattern" : "",
      "exception" : false,
      "note" : "Markdown files"
    }, {
      "pathPattern" : ".*/README[.][a-z0-9]+",
      "contentPattern" : "",
      "exception" : false,
      "note" : "Text files"
    }, {
      "pathPattern" : ".*/LICENSE[.][a-z0-9]+",
      "contentPattern" : "",
      "exception" : false,
      "note" : "Text files"
    }, {
      "pathPattern" : ".*/[.]npmignore",
      "contentPattern" : "",
      "exception" : false,
      "note" : "Ignore list"
    }, {
      "pathPattern" : ".*[.]markdown",
      "contentPattern" : "",
      "exception" : false,
      "note" : "Markdown files"
    }, {
      "pathPattern" : ".*/vendor/.*",
      "contentPattern" : "",
      "exception" : false,
      "note" : "Vendor files"
    }, {
      "pathPattern" : ".*[.]svg",
      "contentPattern" : "",
      "exception" : false,
      "note" : "SVG files"
    }, {
      "pathPattern" : ".*[.]editorconfig",
      "contentPattern" : "",
      "exception" : false,
      "note" : "NPM Config"
    }, {
      "pathPattern" : ".*/[Ee]xamples/.*",
      "contentPattern" : "",
      "exception" : false,
      "note" : "Documentation"
    }, {
      "pathPattern" : ".*/[.]eslintignore",
      "contentPattern" : "",
      "exception" : false,
      "note" : "Ignore list"
    }, {
      "pathPattern" : ".*[.]patch",
      "contentPattern" : "",
      "exception" : false,
      "note" : "Configuration"
    }, {
      "pathPattern" : ".*[.]mdown",
      "contentPattern" : "",
      "exception" : false,
      "note" : "Markdown files"
    } ],
    "files" : [ ]
  },
  "logicalDecompositions" : [ {
    "name" : "frequency of changes",
    "scope" : "main",
    "filters" : [ ],
    "componentsFolderDepth" : 0,
    "minComponentsCount" : 0,
    "components" : [ {
      "name" : "1-5 changes",
      "sourceFileFilters" : [ ],
      "files" : [ "backend/prisma/migrations/20251128162447_init_sqlite/migration.sql", "backend/prisma/migrations/migration_lock.toml", "backend/src/config/db.js", "backend/src/controllers/assetController.js", "backend/src/controllers/buildController.js", "backend/src/controllers/userController.js", "backend/src/db.js", "backend/src/index.js", "backend/src/middleware/adminMiddleware.js", "backend/src/middleware/authMiddleware.js", "backend/src/routes/assetRoutes.js", "backend/src/routes/authRoutes.js", "backend/src/routes/buildRoutes.js", "backend/src/routes/userRoutes.js", "backend/uploads/1761261056814-995230287.tsx", "backend/uploads/1761265169126-984135838.tsx", "backend/uploads/1761265231112-624819031.tsx", "backend/uploads/1761328515350-537683809.tsx", "backend/uploads/1761856845660-484720083.tsx", "backend/uploads/1762454458967-378888263.js", "backend/uploads/1762454573094-541774994.js", "backend/uploads/1762454810175-584589586.html", "backend/uploads/1762455641633-595545837.ts", "SPL/coverage/AuthContext.ts.html", "SPL/coverage/base.css", "SPL/coverage/block-navigation.js", "SPL/coverage/clover.xml", "SPL/coverage/Header.css.html", "SPL/coverage/Header.tsx.html", "SPL/coverage/index.html", "SPL/coverage/Login.css.html", "SPL/coverage/Login.tsx.html", "SPL/coverage/prettify.css", "SPL/coverage/Signup.css.html", "SPL/coverage/Signup.tsx.html", "SPL/coverage/sorter.js", "SPL/index.html", "SPL/src/AddVersion.css", "SPL/src/AddVersion.tsx", "SPL/src/AdminUsers.css", "SPL/src/AdminUsers.tsx", "SPL/src/App.css", "SPL/src/AuthContext.ts", "SPL/src/AuthProvider.tsx", "SPL/src/BuildDetail.tsx", "SPL/src/Builds.css", "SPL/src/Builds.tsx", "SPL/src/EditBuild.css", "SPL/src/EditBuild.tsx", "SPL/src/EditUser.css", "SPL/src/EditUser.tsx", "SPL/src/Footer.css", "SPL/src/Footer.tsx", "SPL/src/Header.css", "SPL/src/Header.tsx", "SPL/src/index.css", "SPL/src/Login.css", "SPL/src/Login.tsx", "SPL/src/main.tsx", "SPL/src/NewBuild.css", "SPL/src/NewBuild.tsx", "SPL/src/setupTests.ts", "SPL/src/Signup.css", "SPL/src/Signup.tsx", "SPL/src/VersionDetail.css", "SPL/src/VersionDetail.tsx", "SPL/vite.config.ts" ]
    }, {
      "name" : "6-20 changes",
      "sourceFileFilters" : [ ],
      "files" : [ "backend/prisma/schema.prisma", "SPL/src/App.tsx", "SPL/src/BuildDetail.css" ]
    }, {
      "name" : "21-50 changes",
      "sourceFileFilters" : [ ],
      "files" : [ ]
    }, {
      "name" : "51-100 changes",
      "sourceFileFilters" : [ ],
      "files" : [ ]
    }, {
      "name" : "101+ changes",
      "sourceFileFilters" : [ ],
      "files" : [ ]
    } ],
    "metaComponents" : [ ],
    "groups" : [ ],
    "includeRemainingFiles" : true,
    "dependenciesFinder" : {
      "useBuiltInDependencyFinders" : false,
      "rules" : [ ],
      "metaRules" : [ ]
    },
    "renderingOptions" : {
      "orientation" : "TB",
      "maxNumberOfDependencies" : 100,
      "renderComponentsWithoutDependencies" : true,
      "renderIndirectDependencies" : false,
      "renderInternalIndirectDependencies" : false,
      "reverseDirection" : false
    },
    "includeExternalComponents" : true,
    "dependencyLinkThreshold" : 1,
    "duplicationLinkThreshold" : 50,
    "temporalLinkThreshold" : 1,
    "maxSearchDepthLines" : 200
  } ],
  "concernGroups" : [ {
    "name" : "general",
    "concerns" : [ {
      "name" : "TODOs",
      "sourceFileFilters" : [ {
        "pathPattern" : "",
        "contentPattern" : ".*(TODO|FIXME)( |:|\t).*",
        "exception" : false,
        "note" : ""
      } ],
      "files" : [ ],
      "textOperations" : [ ]
    } ],
    "metaConcerns" : [ ]
  } ],
  "goalsAndControls" : [ {
    "goal" : "Keep the system simple and easy to change",
    "description" : "Aim at keeping the system size modest (less than 200,000 LOC is good), duplication low (less than 5% is good), files small (no files longer than 1000 LOC is good), and units simple (no units with more than 25 decision points is good).",
    "controls" : [ {
      "metric" : "LINES_OF_CODE_MAIN",
      "description" : "Total number of lines of main code",
      "desiredRange" : {
        "min" : "0",
        "max" : "200000",
        "tolerance" : "20000"
      }
    }, {
      "metric" : "DUPLICATION_PERCENTAGE",
      "description" : "System duplication",
      "desiredRange" : {
        "min" : "0",
        "max" : "5",
        "tolerance" : "1"
      }
    }, {
      "metric" : "VERY_HIGH_RISK_FILE_SIZE_COUNT",
      "description" : "The number of very large files",
      "desiredRange" : {
        "min" : "0",
        "max" : "0",
        "tolerance" : "1"
      }
    }, {
      "metric" : "CONDITIONAL_COMPLEXITY_VERY_HIGH_RISK_COUNT",
      "description" : "Number of very complex units",
      "desiredRange" : {
        "min" : "0",
        "max" : "0",
        "tolerance" : "1"
      }
    } ]
  } ],
  "trendAnalysis" : {
    "saveHistory" : false,
    "frequency" : "weekly",
    "maxReferencePointsForAnalysis" : 20,
    "historyFolder" : "history"
  },
  "fileHistoryAnalysis" : {
    "importPath" : "",
    "ignoreContributors" : [ ],
    "bots" : [ ".*\\[bot\\].*", ".*[-]bot[@].*" ],
    "anonymizeContributors" : false,
    "transformContributorEmails" : [ ]
  },
  "analysis" : {
    "skipDuplication" : false,
    "skipCorrelations" : false,
    "skipDependencies" : false,
    "saveSourceFiles" : true,
    "saveCodeFragments" : true,
    "maxFileSizeBytes" : 1000000,
    "maxLines" : 10000,
    "maxLineLength" : 1000,
    "maxTemporalDependenciesDepthDays" : 180,
    "locDuplicationThreshold" : 10000000,
    "minDuplicationBlockLoc" : 6,
    "maxTopListSize" : 50,
    "analyzerOverrides" : [ ],
    "fileSizeThresholds" : {
      "low" : 100,
      "medium" : 200,
      "high" : 500,
      "veryHigh" : 1000
    },
    "fileAgeThresholds" : {
      "low" : 30,
      "medium" : 90,
      "high" : 180,
      "veryHigh" : 365
    },
    "fileUpdateFrequencyThresholds" : {
      "low" : 5,
      "medium" : 20,
      "high" : 50,
      "veryHigh" : 100
    },
    "fileContributorsCountThresholds" : {
      "low" : 1,
      "medium" : 5,
      "high" : 10,
      "veryHigh" : 25
    },
    "unitSizeThresholds" : {
      "low" : 10,
      "medium" : 20,
      "high" : 50,
      "veryHigh" : 100
    },
    "conditionalComplexityThresholds" : {
      "low" : 5,
      "medium" : 10,
      "high" : 25,
      "veryHigh" : 50
    },
    "fileConditionalComplexityThresholds" : {
      "low" : 5,
      "medium" : 10,
      "high" : 25,
      "veryHigh" : 50
    },
    "customHtmlReportHeaderFragment" : "",
    "analyzeConcernOverlaps" : false
  },
  "tagRules" : [ {
    "tag" : "jenkins",
    "color" : "#7CB9E8",
    "pathPatterns" : [ "(|.*/)Jenkinsfile", "(|.*/)Jenkinsfile[.][a-z0-9_]+" ],
    "excludePathPatterns" : [ ]
  }, {
    "tag" : "travis",
    "color" : "#7CB9E8",
    "pathPatterns" : [ "(|.*/)[.]travis[.]ya?ml" ],
    "excludePathPatterns" : [ ]
  }, {
    "tag" : "github actions",
    "color" : "#7CB9E8",
    "pathPatterns" : [ "(|.*/)[.]github[/]workflows[/].*" ],
    "excludePathPatterns" : [ ]
  }, {
    "tag" : "circleci",
    "color" : "#7CB9E8",
    "pathPatterns" : [ "(|.*/)[.]circleci.*" ],
    "excludePathPatterns" : [ ]
  }, {
    "tag" : "gitlab",
    "color" : "#7CB9E8",
    "pathPatterns" : [ "(|.*/)[.]gitlab.*" ],
    "excludePathPatterns" : [ ]
  }, {
    "tag" : "maven",
    "color" : "#B9D9EB",
    "pathPatterns" : [ "(|.*/)pom[.]xml" ],
    "excludePathPatterns" : [ ]
  }, {
    "tag" : "pnpm",
    "color" : "#B9D9EB",
    "pathPatterns" : [ "(|.*/)pnpm.*[.](ya?ml|json)" ],
    "excludePathPatterns" : [ ]
  }, {
    "tag" : "npm",
    "color" : "#B9D9EB",
    "pathPatterns" : [ "(|.*/)package[.]json" ],
    "excludePathPatterns" : [ ]
  }, {
    "tag" : "yarn",
    "color" : "#B9D9EB",
    "pathPatterns" : [ "(|.*/)[.]yarnrc", "(|.*/)yarn[.]lock" ],
    "excludePathPatterns" : [ ]
  }, {
    "tag" : "jest",
    "color" : "#B9D9EB",
    "pathPatterns" : [ "(|.*/)jest[.].*" ],
    "excludePathPatterns" : [ ]
  }, {
    "tag" : "babel",
    "color" : "#B9D9EB",
    "pathPatterns" : [ "(|.*/)[.]babel[.]config[.]json" ],
    "excludePathPatterns" : [ ]
  }, {
    "tag" : "gradle",
    "color" : "#B9D9EB",
    "pathPatterns" : [ "(|.*/)build[.]gradle" ],
    "excludePathPatterns" : [ ]
  }, {
    "tag" : "sbt",
    "color" : "#B9D9EB",
    "pathPatterns" : [ "(|.*/)build[.]sbt" ],
    "excludePathPatterns" : [ ]
  }, {
    "tag" : "bazel",
    "color" : "#B9D9EB",
    "pathPatterns" : [ "(|.*/)BUILD[.]bazel" ],
    "excludePathPatterns" : [ ]
  }, {
    "tag" : "pip",
    "color" : "#B9D9EB",
    "pathPatterns" : [ "(|.*/)pip[.]conf", "(|.*/)Pipfile" ],
    "excludePathPatterns" : [ ]
  }, {
    "tag" : "nuget",
    "color" : "#B9D9EB",
    "pathPatterns" : [ "(|.*/)[.]nuget/.*", "(|.*/)[.]nuget[.]config" ],
    "excludePathPatterns" : [ ]
  }, {
    "tag" : "aws codebuild",
    "color" : "#B9D9EB",
    "pathPatterns" : [ "(|.*/)buildspec[.]yml" ],
    "excludePathPatterns" : [ ]
  }, {
    "tag" : "renovate",
    "color" : "#B9D9EB",
    "pathPatterns" : [ "(|.*/)renovate[.]json5?" ],
    "excludePathPatterns" : [ ]
  }, {
    "tag" : "dependabot",
    "color" : "#B9D9EB",
    "pathPatterns" : [ "(|.*/)dependabot[.]ya?ml" ],
    "excludePathPatterns" : [ ]
  }, {
    "tag" : "gemfile",
    "color" : "#B9D9EB",
    "pathPatterns" : [ "(|.*/)Gemfile" ],
    "excludePathPatterns" : [ ]
  }, {
    "tag" : "podfile",
    "color" : "#B9D9EB",
    "pathPatterns" : [ "(|.*/)Podfile" ],
    "excludePathPatterns" : [ ]
  }, {
    "tag" : "make",
    "color" : "#B9D9EB",
    "pathPatterns" : [ "(|.*/)Makefile" ],
    "excludePathPatterns" : [ ]
  }, {
    "tag" : "docker",
    "color" : "#A3C1AD",
    "pathPatterns" : [ "(|.*/)Dockerfile" ],
    "excludePathPatterns" : [ ]
  }, {
    "tag" : "helm",
    "color" : "#A3C1AD",
    "pathPatterns" : [ "(|.*/)helmfile[.]ya?ml", "(|.*/)[.]helmignore" ],
    "excludePathPatterns" : [ ]
  } ]
}